<?xml version="1.0" encoding="UTF-8"?>
<con:soapui-project id="4a617422-44db-4d79-848a-cf972e0b2203" activeEnvironment="Default" name="ClientIntegration_Project" resourceRoot="${projectDir}" soapui-version="5.4.0" abortOnError="false" runType="SEQUENTIAL" xmlns:con="http://eviware.com/soapui/config"><con:settings/><con:interface xsi:type="con:WsdlInterface" id="7a7d66bb-a26e-4cea-b901-441a77ccc30f" wsaVersion="NONE" name="DataLicensingServiceSOAPBinding" type="wsdl" bindingName="{http://services.experian.com.br/DataLicensing/DataLicensingService/}DataLicensingServiceSOAPBinding" soapVersion="1_1" anonymous="optional" definition="https://sitenethomologa.serasa.com.br:443/experian-data-licensing-ws/dataLicensingService?wsdl" xmlns:xsi="http://www.w3.org/2001/XMLSchema-instance"><con:settings/><con:definitionCache type="TEXT" rootPart="https://sitenethomologa.serasa.com.br:443/experian-data-licensing-ws/dataLicensingService?wsdl"><con:part><con:url>https://sitenethomologa.serasa.com.br:443/experian-data-licensing-ws/dataLicensingService?wsdl</con:url><con:content><![CDATA[<!--Published by JAX-WS RI at http://jax-ws.dev.java.net. RI's version is JAX-WS RI 2.2.1-hudson-28-.-->
<!--Generated by JAX-WS RI at http://jax-ws.dev.java.net. RI's version is JAX-WS RI 2.2.1-hudson-28-.-->
<definitions targetNamespace="http://services.experian.com.br/DataLicensing/DataLicensingService/" name="DataLicensingService" xmlns:wsu="http://docs.oasis-open.org/wss/2004/01/oasis-200401-wss-wssecurity-utility-1.0.xsd" xmlns:wsp="http://www.w3.org/ns/ws-policy" xmlns:wsp1_2="http://schemas.xmlsoap.org/ws/2004/09/policy" xmlns:wsam="http://www.w3.org/2007/05/addressing/metadata" xmlns:soap="http://schemas.xmlsoap.org/wsdl/soap/" xmlns:tns="http://services.experian.com.br/DataLicensing/DataLicensingService/" xmlns:xsd="http://www.w3.org/2001/XMLSchema" xmlns="http://schemas.xmlsoap.org/wsdl/">
  <wsp:Policy wsu:Id="DataLicensingService_policy" xmlns:sp="http://docs.oasis-open.org/ws-sx/ws-securitypolicy/200702">
    <sp:SignedEncryptedSupportingTokens>
      <wsp:Policy>
        <sp:UsernameToken sp:IncludeToken="http://docs.oasis-open.org/ws-sx/ws-securitypolicy/200702/IncludeToken/AlwaysToRecipient">
          <wsp:Policy>
            <sp:WssUsernameToken10/>
          </wsp:Policy>
        </sp:UsernameToken>
      </wsp:Policy>
    </sp:SignedEncryptedSupportingTokens>
    <sp:TransportBinding>
      <wsp:Policy>
        <sp:AlgorithmSuite>
          <wsp:Policy>
            <sp:Basic128/>
          </wsp:Policy>
        </sp:AlgorithmSuite>
        <sp:IncludeTimestamp/>
        <sp:Layout>
          <wsp:Policy>
            <sp:Lax/>
          </wsp:Policy>
        </sp:Layout>
        <sp:TransportToken>
          <wsp:Policy>
            <sp:HttpsToken RequireClientCertificate="false"/>
          </wsp:Policy>
        </sp:TransportToken>
      </wsp:Policy>
    </sp:TransportBinding>
    <sp:Wss10/>
  </wsp:Policy>
  <types>
    <xsd:schema>
      <xsd:import namespace="http://www.experian.com.br/schema/infocleanws" schemaLocation="https://sitenethomologa.serasa.com.br:443/experian-data-licensing-ws/dataLicensingService?xsd=1"/>
    </xsd:schema>
    <xsd:schema>
      <xsd:import namespace="http://services.experian.com.br/DataLicensing/DataLicensingService/" schemaLocation="https://sitenethomologa.serasa.com.br:443/experian-data-licensing-ws/dataLicensingService?xsd=2"/>
    </xsd:schema>
  </types>
  <message name="ConsultarPF">
    <part name="parameters" element="tns:ConsultarPF"/>
  </message>
  <message name="ConsultarPFResponse">
    <part name="parameters" element="tns:ConsultarPFResponse"/>
  </message>
  <message name="DataLicensingFault_Exception">
    <part name="fault" element="tns:DataLicensingFault"/>
  </message>
  <message name="ConsultarPJ">
    <part name="parameters" element="tns:ConsultarPJ"/>
  </message>
  <message name="ConsultarPJResponse">
    <part name="parameters" element="tns:ConsultarPJResponse"/>
  </message>
  <message name="RetornaStatusProconTelefone">
    <part name="parameters" element="tns:RetornaStatusProconTelefone"/>
  </message>
  <message name="RetornaStatusProconTelefoneResponse">
    <part name="parameters" element="tns:RetornaStatusProconTelefoneResponse"/>
  </message>
  <message name="ConsultarPFPJ">
    <part name="parameters" element="tns:ConsultarPFPJ"/>
  </message>
  <message name="ConsultarPFPJResponse">
    <part name="parameters" element="tns:ConsultarPFPJResponse"/>
  </message>
  <portType name="DataLicensingServicePortType">
    <operation name="ConsultarPF">
      <input wsam:Action="http://services.experian.com.br/DataLicensing/DataLicensingService/ConsultarPF" message="tns:ConsultarPF"/>
      <output wsam:Action="http://services.experian.com.br/DataLicensing/DataLicensingService/DataLicensingServicePortType/ConsultarPFResponse" message="tns:ConsultarPFResponse"/>
      <fault message="tns:DataLicensingFault_Exception" name="DataLicensingFault_Exception" wsam:Action="http://services.experian.com.br/DataLicensing/DataLicensingService/DataLicensingServicePortType/ConsultarPF/Fault/DataLicensingFault_Exception"/>
    </operation>
    <operation name="ConsultarPJ">
      <input wsam:Action="http://services.experian.com.br/DataLicensing/DataLicensingService/ConsultarPJ" message="tns:ConsultarPJ"/>
      <output wsam:Action="http://services.experian.com.br/DataLicensing/DataLicensingService/DataLicensingServicePortType/ConsultarPJResponse" message="tns:ConsultarPJResponse"/>
      <fault message="tns:DataLicensingFault_Exception" name="DataLicensingFault_Exception" wsam:Action="http://services.experian.com.br/DataLicensing/DataLicensingService/DataLicensingServicePortType/ConsultarPJ/Fault/DataLicensingFault_Exception"/>
    </operation>
    <operation name="RetornaStatusProconTelefone">
      <input wsam:Action="http://services.experian.com.br/DataLicensing/DataLicensingService/RetornaStatusProconTelefone" message="tns:RetornaStatusProconTelefone"/>
      <output wsam:Action="http://services.experian.com.br/DataLicensing/DataLicensingService/DataLicensingServicePortType/RetornaStatusProconTelefoneResponse" message="tns:RetornaStatusProconTelefoneResponse"/>
      <fault message="tns:DataLicensingFault_Exception" name="DataLicensingFault_Exception" wsam:Action="http://services.experian.com.br/DataLicensing/DataLicensingService/DataLicensingServicePortType/RetornaStatusProconTelefone/Fault/DataLicensingFault_Exception"/>
    </operation>
    <operation name="ConsultarPFPJ">
      <input wsam:Action="http://services.experian.com.br/DataLicensing/DataLicensingService/ConsultarPFPJ" message="tns:ConsultarPFPJ"/>
      <output wsam:Action="http://services.experian.com.br/DataLicensing/DataLicensingService/DataLicensingServicePortType/ConsultarPFPJResponse" message="tns:ConsultarPFPJResponse"/>
      <fault message="tns:DataLicensingFault_Exception" name="DataLicensingFault_Exception" wsam:Action="http://services.experian.com.br/DataLicensing/DataLicensingService/DataLicensingServicePortType/ConsultarPFPJ/Fault/DataLicensingFault_Exception"/>
    </operation>
  </portType>
  <binding name="DataLicensingServiceSOAPBinding" type="tns:DataLicensingServicePortType">
    <wsp:PolicyReference URI="#DataLicensingService_policy"/>
    <soap:binding transport="http://schemas.xmlsoap.org/soap/http" style="document"/>
    <operation name="ConsultarPF">
      <soap:operation soapAction="http://services.experian.com.br/DataLicensing/DataLicensingService/ConsultarPF"/>
      <input>
        <soap:body use="literal"/>
      </input>
      <output>
        <soap:body use="literal"/>
      </output>
      <fault name="DataLicensingFault_Exception">
        <soap:fault name="DataLicensingFault_Exception" use="literal"/>
      </fault>
    </operation>
    <operation name="ConsultarPJ">
      <soap:operation soapAction="http://services.experian.com.br/DataLicensing/DataLicensingService/ConsultarPJ"/>
      <input>
        <soap:body use="literal"/>
      </input>
      <output>
        <soap:body use="literal"/>
      </output>
      <fault name="DataLicensingFault_Exception">
        <soap:fault name="DataLicensingFault_Exception" use="literal"/>
      </fault>
    </operation>
    <operation name="RetornaStatusProconTelefone">
      <soap:operation soapAction="http://services.experian.com.br/DataLicensing/DataLicensingService/RetornaStatusProconTelefone"/>
      <input>
        <soap:body use="literal"/>
      </input>
      <output>
        <soap:body use="literal"/>
      </output>
      <fault name="DataLicensingFault_Exception">
        <soap:fault name="DataLicensingFault_Exception" use="literal"/>
      </fault>
    </operation>
    <operation name="ConsultarPFPJ">
      <soap:operation soapAction="http://services.experian.com.br/DataLicensing/DataLicensingService/ConsultarPFPJ"/>
      <input>
        <soap:body use="literal"/>
      </input>
      <output>
        <soap:body use="literal"/>
      </output>
      <fault name="DataLicensingFault_Exception">
        <soap:fault name="DataLicensingFault_Exception" use="literal"/>
      </fault>
    </operation>
  </binding>
  <service name="DataLicensingService">
    <port name="DataLicensingServiceSOAP" binding="tns:DataLicensingServiceSOAPBinding">
      <soap:address location="https://sitenethomologa.serasa.com.br:443/experian-data-licensing-ws/dataLicensingService"/>
    </port>
  </service>
</definitions>]]></con:content><con:type>http://schemas.xmlsoap.org/wsdl/</con:type></con:part><con:part><con:url>https://sitenethomologa.serasa.com.br:443/experian-data-licensing-ws/dataLicensingService?xsd=1</con:url><con:content><![CDATA[<!--Published by JAX-WS RI at http://jax-ws.dev.java.net. RI's version is JAX-WS RI 2.2.1-hudson-28-.-->
<xs:schema version="1.0" targetNamespace="http://www.experian.com.br/schema/infocleanws" xmlns:tns="http://www.experian.com.br/schema/infocleanws" xmlns:xs="http://www.w3.org/2001/XMLSchema">
  <xs:element name="padronizarNome" type="tns:padronizarNome"/>
  <xs:element name="padronizarNomeResponse" type="tns:padronizarNomeResponse"/>
  <xs:complexType name="padronizarNome">
    <xs:sequence>
      <xs:element name="nomeRequest" type="tns:nomeRequest" minOccurs="0"/>
    </xs:sequence>
  </xs:complexType>
  <xs:complexType name="nomeRequest">
    <xs:sequence>
      <xs:element name="nome" type="xs:string" nillable="true" minOccurs="0" maxOccurs="unbounded"/>
      <xs:element name="nomePessoaFisicaMatchRequest" type="tns:nomePessoaFisicaMatchRequest" minOccurs="0"/>
      <xs:element name="nomePessoaJuridicaMatchRequest" type="tns:nomePessoaJuridicaMatchRequest" minOccurs="0"/>
      <xs:element name="padronizarQualificadores" type="xs:boolean"/>
      <xs:element name="tipoPessoa" type="xs:int"/>
    </xs:sequence>
  </xs:complexType>
  <xs:complexType name="nomePessoaFisicaMatchRequest">
    <xs:complexContent>
      <xs:extension base="tns:nomeMatchRequest">
        <xs:sequence>
          <xs:element name="parentescoPosition" type="xs:int" minOccurs="0"/>
          <xs:element name="parentescoSize" type="xs:int" minOccurs="0"/>
          <xs:element name="segundoNomePosition" type="xs:int" minOccurs="0"/>
          <xs:element name="segundoNomeSize" type="xs:int" minOccurs="0"/>
          <xs:element name="utilizarNomeComposto" type="xs:boolean"/>
          <xs:element name="utilizarNomesMeio" type="xs:boolean"/>
          <xs:element name="utilizarParentesco" type="xs:boolean"/>
        </xs:sequence>
      </xs:extension>
    </xs:complexContent>
  </xs:complexType>
  <xs:complexType name="nomeMatchRequest" abstract="true">
    <xs:complexContent>
      <xs:extension base="tns:matchRequest">
        <xs:sequence>
          <xs:element name="retirarVogais" type="xs:boolean"/>
        </xs:sequence>
      </xs:extension>
    </xs:complexContent>
  </xs:complexType>
  <xs:complexType name="matchRequest" abstract="true">
    <xs:sequence>
      <xs:element name="anteAntepenultimoNomePosition" type="xs:int" minOccurs="0"/>
      <xs:element name="anteAntepenultimoNomeSize" type="xs:int" minOccurs="0"/>
      <xs:element name="antepenultimoNomePosition" type="xs:int" minOccurs="0"/>
      <xs:element name="antepenultimoNomeSize" type="xs:int" minOccurs="0"/>
      <xs:element name="penultimoNomePosition" type="xs:int" minOccurs="0"/>
      <xs:element name="penultimoNomeSize" type="xs:int" minOccurs="0"/>
      <xs:element name="primeiroNomePosition" type="xs:int" minOccurs="0"/>
      <xs:element name="primeiroNomeSize" type="xs:int" minOccurs="0"/>
      <xs:element name="ultimoNomePosition" type="xs:int" minOccurs="0"/>
      <xs:element name="ultimoNomeSize" type="xs:int" minOccurs="0"/>
    </xs:sequence>
  </xs:complexType>
  <xs:complexType name="nomePessoaJuridicaMatchRequest">
    <xs:complexContent>
      <xs:extension base="tns:nomeMatchRequest">
        <xs:sequence>
          <xs:element name="qualificadoresPosition" type="xs:int" minOccurs="0"/>
          <xs:element name="qualificadoresSize" type="xs:int" minOccurs="0"/>
          <xs:element name="utilizarQualificadores" type="xs:boolean"/>
        </xs:sequence>
      </xs:extension>
    </xs:complexContent>
  </xs:complexType>
  <xs:complexType name="padronizarNomeResponse">
    <xs:sequence>
      <xs:element name="return" type="tns:nomePadronizadoResponse" form="qualified" minOccurs="0" maxOccurs="unbounded"/>
    </xs:sequence>
  </xs:complexType>
  <xs:complexType name="nomePadronizadoResponse">
    <xs:sequence>
      <xs:element name="match" type="xs:string" minOccurs="0"/>
      <xs:element name="matchCompleto" type="xs:string" minOccurs="0"/>
      <xs:element name="matchSobrescrito" type="xs:string" minOccurs="0"/>
      <xs:element name="nomeCompleto" type="xs:string" minOccurs="0"/>
      <xs:element name="nomeMeio" type="xs:string" minOccurs="0"/>
      <xs:element name="nomeTratamento" type="xs:string" minOccurs="0"/>
      <xs:element name="nota" type="xs:int"/>
      <xs:element name="parentesco" type="xs:string" minOccurs="0"/>
      <xs:element name="primeiroNome" type="xs:string" minOccurs="0"/>
      <xs:element name="segundoNome" type="xs:string" minOccurs="0"/>
      <xs:element name="sexo" type="xs:string" minOccurs="0"/>
      <xs:element name="ultimoNome" type="xs:string" minOccurs="0"/>
    </xs:sequence>
  </xs:complexType>
  <xs:complexType name="ParametersInPFPJ">
    <xs:sequence>
      <xs:element name="cpfCnpj" type="xs:string" minOccurs="0"/>
      <xs:element name="nomeOuRazaoSocial" type="xs:string" minOccurs="0"/>
      <xs:element name="dataAberturaOuNascimentoDe" type="xs:dateTime" minOccurs="0"/>
      <xs:element name="dataAberturaOuNascimentoAte" type="xs:dateTime" minOccurs="0"/>
      <xs:element name="idadeDe" type="xs:int" minOccurs="0"/>
      <xs:element name="idadeAte" type="xs:int" minOccurs="0"/>
      <xs:element name="ddd" type="xs:string" minOccurs="0"/>
      <xs:element name="telefone" type="xs:string" minOccurs="0"/>
      <xs:element name="endereco" type="xs:string" minOccurs="0"/>
      <xs:element name="numero" type="xs:string" minOccurs="0"/>
      <xs:element name="complemento" type="xs:string" minOccurs="0"/>
      <xs:element name="cidade" type="xs:string" minOccurs="0"/>
      <xs:element name="uf" type="xs:string" minOccurs="0"/>
      <xs:element name="cep" type="xs:string" minOccurs="0"/>
    </xs:sequence>
  </xs:complexType>
  <xs:complexType name="ArrayOfPessoaFJ">
    <xs:sequence>
      <xs:element name="pessoaFJ" type="tns:PessoaFJ" nillable="true" minOccurs="0" maxOccurs="unbounded"/>
    </xs:sequence>
  </xs:complexType>
  <xs:complexType name="PessoaFJ">
    <xs:sequence>
      <xs:element name="cpfCnpj" type="xs:string" minOccurs="0"/>
      <xs:element name="nome" type="xs:string" minOccurs="0"/>
      <xs:element name="idade" type="xs:string" minOccurs="0"/>
      <xs:element name="bairro" type="xs:string" minOccurs="0"/>
      <xs:element name="cidade" type="xs:string" minOccurs="0"/>
      <xs:element name="uf" type="xs:string" minOccurs="0"/>
    </xs:sequence>
  </xs:complexType>
  <xs:complexType name="ParametersInPJ">
    <xs:sequence>
      <xs:element name="cnpj" type="xs:string" minOccurs="0"/>
      <xs:element name="id" type="xs:string" minOccurs="0"/>
      <xs:element name="cnpjIndireto" type="xs:string" minOccurs="0"/>
      <xs:element name="RetornoPJ" type="tns:RetornoPJ"/>
    </xs:sequence>
  </xs:complexType>
  <xs:complexType name="RetornoPJ">
    <xs:sequence>
      <xs:element name="cnpj" type="xs:boolean" minOccurs="0"/>
      <xs:element name="razaoSocial" type="xs:boolean" minOccurs="0"/>
      <xs:element name="nomeFantasia" type="xs:boolean" minOccurs="0"/>
      <xs:element name="capitalSocial" type="xs:boolean" minOccurs="0"/>
      <xs:element name="dataAbertura" type="xs:boolean" minOccurs="0"/>
      <xs:element name="naturezaJuridica" type="xs:boolean" minOccurs="0"/>
      <xs:element name="cnae" type="xs:boolean" minOccurs="0"/>
      <xs:element name="endereco" type="xs:boolean" minOccurs="0"/>
      <xs:element name="telefone" type="xs:boolean" minOccurs="0"/>
      <xs:element name="situacaoCadastral" type="xs:string" minOccurs="0"/>
      <xs:element name="porte" type="xs:boolean" minOccurs="0"/>
      <xs:element name="quadroSocial" type="xs:boolean" minOccurs="0"/>
      <xs:element name="representanteLegal" type="xs:boolean" minOccurs="0"/>
      <xs:element name="sintegra" type="xs:string" minOccurs="0"/>
      <xs:element name="faturamento" type="xs:boolean" minOccurs="0"/>
      <xs:element name="funcionarios" type="xs:boolean" minOccurs="0"/>
      <xs:element name="indicadorOperacionalidade" type="xs:boolean" minOccurs="0"/>
      <xs:element name="ccf" type="xs:boolean" minOccurs="0"/>
      <xs:element name="codigoIbge" type="xs:boolean" minOccurs="0"/>
      <xs:element name="simplesNacional" type="xs:string" minOccurs="0"/>
      <xs:element name="triagemRisco" type="xs:boolean" minOccurs="0"/>
      <xs:element name="matrizFilial" type="xs:boolean" minOccurs="0"/>
      <xs:element name="latitudeLongitude" type="xs:boolean" minOccurs="0"/>
      <xs:element name="suframa" type="xs:boolean" minOccurs="0"/>
      <xs:element name="Pacote" type="xs:string" minOccurs="0"/>
      <xs:element name="mosaic" type="xs:boolean" minOccurs="0"/>
      <xs:element name="email" type="xs:boolean" minOccurs="0"/>
      <xs:element name="maquinaCartao" type="xs:boolean" minOccurs="0"/>
      <xs:element name="possuiNfc" type="xs:boolean" minOccurs="0"/>
      <xs:element name="possuiCashback" type="xs:boolean" minOccurs="0"/>
      <xs:element name="possuiMaquinaPosto" type="xs:boolean" minOccurs="0"/>
      <xs:element name="ultimaOperacao" type="xs:boolean" minOccurs="0"/>
      <xs:element name="canalVendas" type="xs:boolean" minOccurs="0"/>
      <xs:element name="horarioAtendimento" type="xs:boolean" minOccurs="0"/>
    </xs:sequence>
  </xs:complexType>
  <xs:complexType name="PessoaJuridica">
    <xs:complexContent>
      <xs:extension base="tns:Pessoa">
        <xs:sequence>
          <xs:element name="cnpj" type="xs:string" minOccurs="0"/>
          <xs:element name="razaoSocial" type="xs:string" minOccurs="0"/>
          <xs:element name="nomeFantasia" type="xs:string" minOccurs="0"/>
          <xs:element name="capitalSocial" type="xs:string" minOccurs="0"/>
          <xs:element name="dataAbertura" type="xs:dateTime" minOccurs="0"/>
          <xs:element name="naturezaJuridica" type="tns:NaturezaJuridica" minOccurs="0"/>
          <xs:element name="cnae" type="tns:ArrayOfCnae" minOccurs="0"/>
          <xs:element name="situacaoCadastral" type="tns:SituacaoCadastralPessoaJuridica" minOccurs="0"/>
          <xs:element name="porte" type="xs:string" minOccurs="0"/>
          <xs:element name="quadroSocial" type="tns:ArrayOfQuadroSocial" minOccurs="0"/>
          <xs:element name="representanteLegal" type="tns:ArrayOfRepresentanteLegal" minOccurs="0"/>
          <xs:element name="sintegra" type="tns:ArrayOfSintegra" minOccurs="0"/>
          <xs:element name="faturamento" type="xs:string" minOccurs="0"/>
          <xs:element name="funcionarios" type="xs:string" minOccurs="0"/>
          <xs:element name="indicadorOperacionalidade" type="xs:string" minOccurs="0"/>
          <xs:element name="ccf" type="tns:Ccf" minOccurs="0"/>
          <xs:element name="codIbge" type="tns:CodIbge" minOccurs="0"/>
          <xs:element name="simplesNacional" type="tns:SimplesNacional" minOccurs="0"/>
          <xs:element name="triagemDeRisco" type="xs:string" minOccurs="0"/>
          <xs:element name="matrizFilial" type="xs:string" minOccurs="0"/>
          <xs:element name="latitude" type="xs:string" minOccurs="0"/>
          <xs:element name="longitude" type="xs:string" minOccurs="0"/>
          <xs:element name="ListaSuframa" type="tns:ArrayOfSuframa" minOccurs="0"/>
          <xs:element name="mosaic" type="tns:Mosaic" minOccurs="0"/>
          <xs:element name="email" type="tns:ArrayOfEmailPJ" minOccurs="0"/>
          <xs:element name="maquinaCartao" type="xs:string" minOccurs="0"/>
          <xs:element name="possuiNfc" type="xs:string" minOccurs="0"/>
          <xs:element name="possuiCashback" type="xs:string" minOccurs="0"/>
          <xs:element name="possuiMaquinaPosto" type="xs:string" minOccurs="0"/>
          <xs:element name="ultimaOperacao" type="xs:string" minOccurs="0"/>
          <xs:element name="canalVendas" type="xs:string" minOccurs="0"/>
          <xs:element name="horarioAtendimento" type="xs:string" minOccurs="0"/>
        </xs:sequence>
      </xs:extension>
    </xs:complexContent>
  </xs:complexType>
  <xs:complexType name="Pessoa" abstract="true">
    <xs:sequence>
      <xs:element name="id" type="xs:string"/>
      <xs:element name="enderecos" type="tns:ArrayOfEndereco" nillable="true" minOccurs="0" maxOccurs="unbounded"/>
      <xs:element name="telefones" type="tns:ArrayOfTelefone" nillable="true" minOccurs="0" maxOccurs="unbounded"/>
    </xs:sequence>
  </xs:complexType>
  <xs:complexType name="NaturezaJuridica">
    <xs:sequence>
      <xs:element name="codigo" type="xs:int"/>
      <xs:element name="descricao" type="xs:string"/>
    </xs:sequence>
  </xs:complexType>
  <xs:complexType name="ArrayOfCnae">
    <xs:sequence>
      <xs:element name="tnsCnae" type="tns:Cnae" nillable="true" minOccurs="0" maxOccurs="unbounded"/>
    </xs:sequence>
  </xs:complexType>
  <xs:complexType name="Cnae">
    <xs:sequence>
      <xs:element name="codigo" type="xs:string"/>
      <xs:element name="descricao" type="xs:string"/>
    </xs:sequence>
  </xs:complexType>
  <xs:complexType name="SituacaoCadastralPessoaJuridica">
    <xs:sequence>
      <xs:element name="codigoSituacao" type="xs:int" minOccurs="0"/>
      <xs:element name="situacao" type="xs:string"/>
      <xs:element name="dataSituacao" type="xs:dateTime"/>
      <xs:element name="situacaoEspecial" type="xs:string"/>
      <xs:element name="dataEspecial" type="xs:dateTime"/>
      <xs:element name="motivo" type="xs:string"/>
      <xs:element name="dataConsulta" type="xs:dateTime"/>
      <xs:element name="fontePesquisada" type="xs:string"/>
    </xs:sequence>
  </xs:complexType>
  <xs:complexType name="ArrayOfQuadroSocial">
    <xs:sequence>
      <xs:element name="quadroSocial" type="tns:QuadroSocial" nillable="true" minOccurs="0" maxOccurs="unbounded"/>
    </xs:sequence>
  </xs:complexType>
  <xs:complexType name="QuadroSocial">
    <xs:sequence>
      <xs:element name="documento" type="xs:string"/>
      <xs:element name="nome" type="xs:string"/>
      <xs:element name="participacao" type="xs:string"/>
      <xs:element name="tipo" type="xs:string"/>
      <xs:element name="qualificacao" type="xs:string"/>
    </xs:sequence>
  </xs:complexType>
  <xs:complexType name="ArrayOfRepresentanteLegal">
    <xs:sequence>
      <xs:element name="RepresentanteLegal" type="tns:RepresentanteLegal" minOccurs="0" maxOccurs="unbounded"/>
    </xs:sequence>
  </xs:complexType>
  <xs:complexType name="RepresentanteLegal">
    <xs:sequence>
      <xs:element name="documento" type="xs:string"/>
      <xs:element name="nome" type="xs:string"/>
    </xs:sequence>
  </xs:complexType>
  <xs:complexType name="ArrayOfSintegra">
    <xs:sequence>
      <xs:element name="ocorrencia" type="tns:Sintegra" nillable="true" minOccurs="0" maxOccurs="unbounded"/>
    </xs:sequence>
  </xs:complexType>
  <xs:complexType name="Sintegra">
    <xs:sequence>
      <xs:element name="inscricaoEstadual" type="xs:string"/>
      <xs:element name="situacaoCadastral" type="xs:string"/>
      <xs:element name="dataSituacao" type="xs:string"/>
      <xs:element name="dataConsulta" type="xs:string"/>
      <xs:element name="uf" type="xs:string"/>
      <xs:element name="logradouro" type="xs:string"/>
      <xs:element name="numero" type="xs:string"/>
      <xs:element name="cep" type="xs:string"/>
      <xs:element name="municipio" type="xs:string"/>
      <xs:element name="complemento" type="xs:string"/>
      <xs:element name="bairro" type="xs:string"/>
      <xs:element name="fontePesquisada" type="xs:string"/>
    </xs:sequence>
  </xs:complexType>
  <xs:complexType name="Ccf">
    <xs:sequence>
      <xs:element name="ocorrencia" type="tns:CcfOcorrencia" maxOccurs="unbounded"/>
    </xs:sequence>
  </xs:complexType>
  <xs:complexType name="CcfOcorrencia">
    <xs:sequence>
      <xs:element name="quantidade" type="xs:string"/>
      <xs:element name="discriminacao" type="xs:string"/>
      <xs:element name="periodo" type="xs:string"/>
    </xs:sequence>
  </xs:complexType>
  <xs:complexType name="CodIbge">
    <xs:sequence>
      <xs:element name="codIbge" type="xs:string"/>
      <xs:element name="codIbgeUf" type="xs:string"/>
    </xs:sequence>
  </xs:complexType>
  <xs:complexType name="SimplesNacional">
    <xs:sequence>
      <xs:element name="situacao" type="xs:string"/>
      <xs:element name="dataConsulta" type="xs:dateTime"/>
      <xs:element name="fontePesquisada" type="xs:string"/>
    </xs:sequence>
  </xs:complexType>
  <xs:complexType name="ArrayOfSuframa">
    <xs:sequence>
      <xs:element name="suframa" type="tns:Suframa" nillable="true" minOccurs="0" maxOccurs="unbounded"/>
    </xs:sequence>
  </xs:complexType>
  <xs:complexType name="Suframa">
    <xs:sequence>
      <xs:element name="inscricaoSuframa" type="xs:string"/>
      <xs:element name="situacaoCadastral" type="xs:string"/>
      <xs:element name="dataInscricao" type="xs:string"/>
      <xs:element name="dataValidade" type="xs:string"/>
      <xs:element name="tipoIncentivo" type="xs:string"/>
      <xs:element name="isentaTSA" type="xs:string"/>
    </xs:sequence>
  </xs:complexType>
  <xs:complexType name="Mosaic">
    <xs:sequence>
      <xs:element name="codigo" type="xs:string"/>
      <xs:element name="grupo" type="xs:string"/>
      <xs:element name="descricao" type="xs:string"/>
    </xs:sequence>
  </xs:complexType>
  <xs:complexType name="ArrayOfEmailPJ">
    <xs:sequence>
      <xs:element name="email" type="xs:string" nillable="true" minOccurs="0" maxOccurs="unbounded"/>
    </xs:sequence>
  </xs:complexType>
  <xs:complexType name="ArrayOfEndereco">
    <xs:sequence>
      <xs:element name="endereco" type="tns:Endereco" nillable="true" minOccurs="0" maxOccurs="unbounded"/>
    </xs:sequence>
  </xs:complexType>
  <xs:complexType name="Endereco">
    <xs:sequence>
      <xs:element name="logradouro" type="tns:Logradouro"/>
      <xs:element name="bairro" type="xs:string"/>
      <xs:element name="cidade" type="xs:string"/>
      <xs:element name="uf" type="xs:string"/>
      <xs:element name="cep" type="xs:string"/>
    </xs:sequence>
  </xs:complexType>
  <xs:complexType name="Logradouro">
    <xs:sequence>
      <xs:element name="Completo" type="xs:string"/>
      <xs:element name="Tipo" type="xs:string"/>
      <xs:element name="Titulo" type="xs:string"/>
      <xs:element name="Nome" type="xs:string"/>
      <xs:element name="Numero" type="xs:string"/>
      <xs:element name="Complemento" type="xs:string"/>
      <xs:element name="CepNota" type="xs:int"/>
    </xs:sequence>
  </xs:complexType>
  <xs:complexType name="ArrayOfTelefone">
    <xs:sequence>
      <xs:element name="telefone" type="tns:Telefone" nillable="true" minOccurs="0" maxOccurs="unbounded"/>
    </xs:sequence>
  </xs:complexType>
  <xs:complexType name="Telefone">
    <xs:sequence>
      <xs:element name="ddd" type="xs:string"/>
      <xs:element name="numero" type="xs:string"/>
      <xs:element name="tipo" type="xs:string" minOccurs="0"/>
    </xs:sequence>
  </xs:complexType>
  <xs:complexType name="PessoaFisica">
    <xs:complexContent>
      <xs:extension base="tns:Pessoa">
        <xs:sequence>
          <xs:element name="cpf" type="xs:string" minOccurs="0"/>
          <xs:element name="nome" type="xs:string" minOccurs="0"/>
          <xs:element name="dataNascimento" type="xs:dateTime" minOccurs="0"/>
          <xs:element name="idade" type="xs:int" minOccurs="0"/>
          <xs:element name="signo" type="xs:string" minOccurs="0"/>
          <xs:element name="sexo" type="xs:string" minOccurs="0"/>
          <xs:element name="nomeMae" type="xs:string" minOccurs="0"/>
          <xs:element name="situacaoCadastral" type="tns:SituacaoCadastralPessoaFisica" minOccurs="0"/>
          <xs:element name="renda" type="xs:string" minOccurs="0"/>
          <xs:element name="triagemRisco" type="xs:string" minOccurs="0"/>
          <xs:element name="atividadeConsumo" type="tns:AtividadeConsumo" minOccurs="0"/>
          <xs:element name="sociosEmpresa" type="tns:ArrayOfSocioEmpresa" minOccurs="0"/>
          <xs:element name="profissao" type="xs:string" minOccurs="0"/>
          <xs:element name="estadoCivil" type="xs:string" minOccurs="0"/>
          <xs:element name="escolaridade" type="xs:string" minOccurs="0"/>
          <xs:element name="bolsaFamilia" type="xs:boolean" minOccurs="0"/>
          <xs:element name="mosaic" type="xs:string" minOccurs="0"/>
          <xs:element name="mosaicGrupo" type="xs:string" minOccurs="0"/>
          <xs:element name="mosaicDescricao" type="xs:string" minOccurs="0"/>
          <xs:element name="classeSocial" type="xs:string" minOccurs="0"/>
          <xs:element name="afinidadeCartaoCredito" type="xs:boolean" minOccurs="0"/>
          <xs:element name="afinidadeCreditoPessoal" type="xs:boolean" minOccurs="0"/>
          <xs:element name="afinidadeArtigosLuxo" type="xs:boolean" minOccurs="0"/>
          <xs:element name="afinidadePacotesTurismo" type="xs:boolean" minOccurs="0"/>
          <xs:element name="afinidadeCelularPosPago" type="xs:boolean" minOccurs="0"/>
          <xs:element name="afinidadeImobiliario" type="xs:boolean" minOccurs="0"/>
          <xs:element name="afinidadeTvAssinatura" type="xs:boolean" minOccurs="0"/>
          <xs:element name="afinidadeBandaLarga" type="xs:boolean" minOccurs="0"/>
          <xs:element name="afinidadeEcommerce" type="xs:boolean" minOccurs="0"/>
          <xs:element name="afinidadeClientePremium" type="xs:boolean" minOccurs="0"/>
          <xs:element name="afinidadeSmartphone" type="xs:boolean" minOccurs="0"/>
          <xs:element name="ccf" type="tns:Ccf" minOccurs="0"/>
          <xs:element name="codIbge" type="tns:CodIbge" minOccurs="0"/>
          <xs:element name="facesClasseMedia" type="xs:string" minOccurs="0"/>
          <xs:element name="latitude" type="xs:string" minOccurs="0"/>
          <xs:element name="longitude" type="xs:string" minOccurs="0"/>
          <xs:element name="nis" type="xs:string" minOccurs="0"/>
          <xs:element name="rg" type="xs:string" minOccurs="0"/>
          <xs:element name="servidorPublicoFederal" type="xs:boolean" minOccurs="0"/>
          <xs:element name="houseHoldID" type="xs:string" minOccurs="0"/>
          <xs:element name="houseHoldRenda" type="xs:string" minOccurs="0"/>
          <xs:element name="houseHoldQtdPessoa" type="xs:string" minOccurs="0"/>
          <xs:element name="representanteLegal" type="tns:ArrayOfRepresentanteLegal" minOccurs="0"/>
          <xs:element name="inibir" type="xs:int" minOccurs="0"/>
          <xs:element name="mensagem" type="xs:string" minOccurs="0"/>
          <xs:element name="flagObito" type="xs:string" minOccurs="0"/>
          <xs:element name="pep" type="tns:Pep" minOccurs="0"/>
          <xs:element name="obito" type="tns:Obito" minOccurs="0"/>
          <xs:element name="pepRelacionado" type="tns:PepRelacionado" minOccurs="0"/>
          <xs:element name="email" type="tns:ArrayOfEmail" minOccurs="0"/>
          <xs:element name="poderAquisitivo" type="tns:PoderAquisitivo" minOccurs="0"/>
          <xs:element name="houseHoldFlagIdade" type="xs:string" minOccurs="0"/>
        </xs:sequence>
      </xs:extension>
    </xs:complexContent>
  </xs:complexType>
  <xs:complexType name="SituacaoCadastralPessoaFisica">
    <xs:sequence>
      <xs:element name="codigoSituacao" type="xs:int" minOccurs="0"/>
      <xs:element name="nome" type="xs:string"/>
      <xs:element name="situacao" type="xs:string"/>
      <xs:element name="codigoControle" type="xs:string"/>
      <xs:element name="dataConsulta" type="xs:dateTime"/>
      <xs:element name="fontePesquisada" type="xs:string"/>
    </xs:sequence>
  </xs:complexType>
  <xs:complexType name="AtividadeConsumo">
    <xs:sequence>
      <xs:element name="codigo" type="xs:string"/>
      <xs:element name="descricao" type="xs:string"/>
    </xs:sequence>
  </xs:complexType>
  <xs:complexType name="ArrayOfSocioEmpresa">
    <xs:sequence>
      <xs:element name="socioEmpresa" type="tns:SocioEmpresa" nillable="true" minOccurs="0" maxOccurs="unbounded"/>
    </xs:sequence>
  </xs:complexType>
  <xs:complexType name="SocioEmpresa">
    <xs:sequence>
      <xs:element name="cnpj" type="xs:string"/>
      <xs:element name="razaoSocial" type="xs:string"/>
      <xs:element name="participacaoSocio" type="xs:decimal"/>
    </xs:sequence>
  </xs:complexType>
  <xs:complexType name="Pep">
    <xs:sequence>
      <xs:element name="tipo" type="xs:string"/>
    </xs:sequence>
  </xs:complexType>
  <xs:complexType name="Obito">
    <xs:sequence>
      <xs:element name="flagObito" type="xs:boolean"/>
      <xs:element name="dataObito" type="xs:date"/>
    </xs:sequence>
  </xs:complexType>
  <xs:complexType name="PepRelacionado">
    <xs:sequence>
      <xs:element name="tipo" type="xs:string"/>
      <xs:element name="grauRelacionamento" type="xs:string"/>
      <xs:element name="nomeRelacionado" type="xs:string"/>
    </xs:sequence>
  </xs:complexType>
  <xs:complexType name="ArrayOfEmail">
    <xs:sequence>
      <xs:element name="email" type="xs:string" nillable="true" minOccurs="0" maxOccurs="unbounded"/>
    </xs:sequence>
  </xs:complexType>
  <xs:complexType name="PoderAquisitivo">
    <xs:sequence>
      <xs:element name="faixa" type="xs:string"/>
      <xs:element name="descricao" type="xs:string"/>
    </xs:sequence>
  </xs:complexType>
  <xs:complexType name="StatusProconTelefone">
    <xs:sequence>
      <xs:element name="ddd" type="xs:string" minOccurs="0"/>
      <xs:element name="telefone" type="xs:string" minOccurs="0"/>
      <xs:element name="cnpjIndireto" type="xs:string"/>
    </xs:sequence>
  </xs:complexType>
  <xs:complexType name="StatusProconTelefoneResponse">
    <xs:sequence>
      <xs:element name="ddd" type="xs:string"/>
      <xs:element name="numero" type="xs:string"/>
      <xs:element name="flagCadastroProcon" type="xs:string"/>
      <xs:element name="dataLimite" type="xs:dateTime"/>
    </xs:sequence>
  </xs:complexType>
  <xs:complexType name="ParametersInPF">
    <xs:sequence>
      <xs:element name="cpf" type="xs:string" minOccurs="0"/>
      <xs:element name="id" type="xs:string" minOccurs="0"/>
      <xs:element name="cnpjIndireto" type="xs:string" minOccurs="0"/>
      <xs:element name="datadeNascimento" type="xs:string" minOccurs="0"/>
      <xs:element name="RetornoPF" type="tns:RetornoPF"/>
    </xs:sequence>
  </xs:complexType>
  <xs:complexType name="RetornoPF">
    <xs:sequence>
      <xs:element name="cpf" type="xs:boolean" minOccurs="0"/>
      <xs:element name="nome" type="xs:boolean" minOccurs="0"/>
      <xs:element name="endereco" type="xs:boolean" minOccurs="0"/>
      <xs:element name="telefone" type="xs:boolean" minOccurs="0"/>
      <xs:element name="dataNascimento" type="xs:boolean" minOccurs="0"/>
      <xs:element name="sexo" type="xs:boolean" minOccurs="0"/>
      <xs:element name="nomeMae" type="xs:boolean" minOccurs="0"/>
      <xs:element name="situacaoCadastral" type="xs:string" minOccurs="0"/>
      <xs:element name="renda" type="xs:boolean" minOccurs="0"/>
      <xs:element name="triagemRisco" type="xs:boolean" minOccurs="0"/>
      <xs:element name="atividadeConsumo" type="xs:boolean" minOccurs="0"/>
      <xs:element name="socioEmpresa" type="xs:boolean" minOccurs="0"/>
      <xs:element name="profissao" type="xs:boolean" minOccurs="0"/>
      <xs:element name="estadoCivil" type="xs:boolean" minOccurs="0"/>
      <xs:element name="escolaridade" type="xs:boolean" minOccurs="0"/>
      <xs:element name="bolsaFamilia" type="xs:boolean" minOccurs="0"/>
      <xs:element name="classeSocial" type="xs:boolean" minOccurs="0"/>
      <xs:element name="mosaic" type="xs:boolean" minOccurs="0"/>
      <xs:element name="afinidadeCartaoCredito" type="xs:boolean" minOccurs="0"/>
      <xs:element name="afinidadeCreditoPessoal" type="xs:boolean" minOccurs="0"/>
      <xs:element name="afinidadeArtigosLuxo" type="xs:boolean" minOccurs="0"/>
      <xs:element name="afinidadePacotesTurismo" type="xs:boolean" minOccurs="0"/>
      <xs:element name="afinidadeCelularPosPago" type="xs:boolean" minOccurs="0"/>
      <xs:element name="afinidadeImobiliario" type="xs:boolean" minOccurs="0"/>
      <xs:element name="afinidadeTvAssinatura" type="xs:boolean" minOccurs="0"/>
      <xs:element name="afinidadeBandaLarga" type="xs:boolean" minOccurs="0"/>
      <xs:element name="afinidadeEcommerce" type="xs:boolean" minOccurs="0"/>
      <xs:element name="AfinidadeSmartphone" type="xs:boolean" minOccurs="0"/>
      <xs:element name="ccf" type="xs:boolean" minOccurs="0"/>
      <xs:element name="codigoIbge" type="xs:boolean" minOccurs="0"/>
      <xs:element name="facesClasseMedia" type="xs:boolean" minOccurs="0"/>
      <xs:element name="latitudeLongitude" type="xs:boolean" minOccurs="0"/>
      <xs:element name="nis" type="xs:boolean" minOccurs="0"/>
      <xs:element name="rg" type="xs:boolean" minOccurs="0"/>
      <xs:element name="servidoresPublicosFederal" type="xs:boolean" minOccurs="0"/>
      <xs:element name="houseHoldID" type="xs:boolean" minOccurs="0"/>
      <xs:element name="houseHoldRenda" type="xs:boolean" minOccurs="0"/>
      <xs:element name="houseHoldQtdPessoa" type="xs:boolean" minOccurs="0"/>
      <xs:element name="representanteLegal" type="xs:boolean" minOccurs="0"/>
      <xs:element name="Pacote" type="xs:string" minOccurs="0"/>
      <xs:element name="flagObito" type="xs:boolean" minOccurs="0"/>
      <xs:element name="pep" type="xs:boolean" minOccurs="0"/>
      <xs:element name="obito" type="xs:boolean" minOccurs="0"/>
      <xs:element name="pepRelacionado" type="xs:boolean" minOccurs="0"/>
      <xs:element name="email" type="xs:boolean" minOccurs="0"/>
      <xs:element name="poderAquisitivo" type="xs:boolean" minOccurs="0"/>
      <xs:element name="houseHoldFlagIdade" type="tns:HouseHoldFlagIdade" minOccurs="0"/>
    </xs:sequence>
  </xs:complexType>
  <xs:complexType name="HouseHoldFlagIdade">
    <xs:sequence>
      <xs:element name="houseHoldFlag" type="xs:boolean"/>
      <xs:element name="houseHoldFlagIdadeDe" type="xs:string"/>
      <xs:element name="houseHoldFlagIdadePara" type="xs:string"/>
    </xs:sequence>
  </xs:complexType>
  <xs:simpleType name="TipoConsulta">
    <xs:restriction base="xs:string">
      <xs:enumeration value="ONLINE"/>
      <xs:enumeration value="HISTORICO"/>
      <xs:enumeration value="ONLINE_HISTORICO"/>
      <xs:enumeration value="HISTORICO_ONLINE"/>
    </xs:restriction>
  </xs:simpleType>
  <xs:simpleType name="Pacote">
    <xs:restriction base="xs:string">
      <xs:enumeration value="BASICO"/>
      <xs:enumeration value="PF1"/>
      <xs:enumeration value="PF2"/>
      <xs:enumeration value="PF3"/>
      <xs:enumeration value="PJ1"/>
      <xs:enumeration value="PJ2"/>
    </xs:restriction>
  </xs:simpleType>
  <xs:simpleType name="FontePesquisada">
    <xs:restriction base="xs:string">
      <xs:enumeration value="HISTORICO"/>
      <xs:enumeration value="ONLINE"/>
    </xs:restriction>
  </xs:simpleType>
  <xs:simpleType name="TipoPessoa">
    <xs:restriction base="xs:string">
      <xs:enumeration value="PESSOA_FISICA"/>
      <xs:enumeration value="PESSOA_JURIDICA"/>
    </xs:restriction>
  </xs:simpleType>
</xs:schema>]]></con:content><con:type>http://www.w3.org/2001/XMLSchema</con:type></con:part><con:part><con:url>https://sitenethomologa.serasa.com.br:443/experian-data-licensing-ws/dataLicensingService?xsd=2</con:url><con:content><![CDATA[<!--Published by JAX-WS RI at http://jax-ws.dev.java.net. RI's version is JAX-WS RI 2.2.1-hudson-28-.-->
<xs:schema version="1.0" targetNamespace="http://services.experian.com.br/DataLicensing/DataLicensingService/" xmlns:ns1="http://www.experian.com.br/schema/infocleanws" xmlns:xs="http://www.w3.org/2001/XMLSchema">
  <xs:import namespace="http://www.experian.com.br/schema/infocleanws" schemaLocation="https://sitenethomologa.serasa.com.br:443/experian-data-licensing-ws/dataLicensingService?xsd=1"/>
  <xs:element name="ConsultarPF">
    <xs:complexType>
      <xs:sequence>
        <xs:element name="parameters" type="ns1:ParametersInPF"/>
      </xs:sequence>
    </xs:complexType>
  </xs:element>
  <xs:element name="ConsultarPFPJ">
    <xs:complexType>
      <xs:sequence>
        <xs:element name="parameters" type="ns1:ParametersInPFPJ"/>
      </xs:sequence>
    </xs:complexType>
  </xs:element>
  <xs:element name="ConsultarPFPJResponse">
    <xs:complexType>
      <xs:sequence>
        <xs:element name="result" type="ns1:ArrayOfPessoaFJ"/>
      </xs:sequence>
    </xs:complexType>
  </xs:element>
  <xs:element name="ConsultarPFResponse">
    <xs:complexType>
      <xs:sequence>
        <xs:element name="result" type="ns1:PessoaFisica"/>
      </xs:sequence>
    </xs:complexType>
  </xs:element>
  <xs:element name="ConsultarPJ">
    <xs:complexType>
      <xs:sequence>
        <xs:element name="parameters" type="ns1:ParametersInPJ"/>
      </xs:sequence>
    </xs:complexType>
  </xs:element>
  <xs:element name="ConsultarPJResponse">
    <xs:complexType>
      <xs:sequence>
        <xs:element name="result" type="ns1:PessoaJuridica"/>
      </xs:sequence>
    </xs:complexType>
  </xs:element>
  <xs:element name="DataLicensingFault">
    <xs:complexType>
      <xs:sequence>
        <xs:element name="codeReason" type="xs:string" minOccurs="0"/>
        <xs:element name="reason" type="xs:string" minOccurs="0"/>
      </xs:sequence>
    </xs:complexType>
  </xs:element>
  <xs:element name="RetornaStatusProconTelefone">
    <xs:complexType>
      <xs:sequence>
        <xs:element name="parameters" type="ns1:StatusProconTelefone"/>
      </xs:sequence>
    </xs:complexType>
  </xs:element>
  <xs:element name="RetornaStatusProconTelefoneResponse">
    <xs:complexType>
      <xs:sequence>
        <xs:element name="result" type="ns1:StatusProconTelefoneResponse"/>
      </xs:sequence>
    </xs:complexType>
  </xs:element>
</xs:schema>]]></con:content><con:type>http://www.w3.org/2001/XMLSchema</con:type></con:part></con:definitionCache><con:endpoints><con:endpoint>https://sitenethomologa.serasa.com.br:443/experian-data-licensing-ws/dataLicensingService</con:endpoint></con:endpoints><con:operation id="7d7e7ba5-a675-44a5-b77f-9fd5e14cbd12" isOneWay="false" action="http://services.experian.com.br/DataLicensing/DataLicensingService/ConsultarPF" name="ConsultarPF" bindingOperationName="ConsultarPF" type="Request-Response" inputName="" receivesAttachments="false" sendsAttachments="false" anonymous="optional"><con:settings/><con:call id="ffd1dc25-c905-4fef-9277-7c51dc1045c9" name="ConsultaBasicaPessoaFisica"><con:settings><con:setting id="com.eviware.soapui.impl.wsdl.WsdlRequest@request-headers">&lt;xml-fragment/></con:setting></con:settings><con:encoding>UTF-8</con:encoding><con:endpoint>https://sitenethomologa.serasa.com.br:443/experian-data-licensing-ws/dataLicensingService </con:endpoint><con:request><![CDATA[<soapenv:Envelope xmlns:soapenv="http://schemas.xmlsoap.org/soap/envelope/" xmlns:dat="http://services.experian.com.br/DataLicensing/DataLicensingService/">\r
   <soapenv:Header>\r
      <wsse:Security soapenv:mustUnderstand="1" xmlns:wsse="http://docs.oasis-open.org/wss/2004/01/oasis-200401-wss-wssecurity-secext-1.0.xsd" xmlns:wsu="http://docs.oasis-open.org/wss/2004/01/oasis-200401-wss-wssecurity-utility-1.0.xsd">\r
         <wsse:UsernameToken wsu:Id="UsernameToken-2">\r
            <wsse:Username>SRI2644</wsse:Username>\r
            <wsse:Password Type="http://docs.oasis-open.org/wss/2004/01/oasis-200401-wss-username-token-profile-1.0#PasswordText">Rcbab@14</wsse:Password>\r
         </wsse:UsernameToken>\r
      </wsse:Security>\r
   </soapenv:Header>\r
   <soapenv:Body>\r
      <dat:ConsultarPJ>\r
         <parameters>\r
            <cnpj>00563341000175</cnpj>\r
            <RetornoPJ>\r
               <cnpj>true</cnpj>\r
               <composicaoSocietaria>true</composicaoSocietaria>\r
               <quadroSocialPlus>true</quadroSocialPlus>\r
            </RetornoPJ>\r
         </parameters>\r
      </dat:ConsultarPJ>\r
   </soapenv:Body>\r
</soapenv:Envelope>]]></con:request><con:credentials><con:authType>No Authorization</con:authType></con:credentials><con:jmsConfig JMSDeliveryMode="PERSISTENT"/><con:jmsPropertyConfig/><con:wsaConfig mustUnderstand="NONE" version="200508" action="http://services.experian.com.br/DataLicensing/DataLicensingService/ConsultarPF"/><con:wsrmConfig version="1.2"/></con:call></con:operation><con:operation id="4a792c83-ebfb-4b67-a0de-cc09a5cdbac7" isOneWay="false" action="http://services.experian.com.br/DataLicensing/DataLicensingService/ConsultarPFPJ" name="ConsultarPFPJ" bindingOperationName="ConsultarPFPJ" type="Request-Response" inputName="" receivesAttachments="false" sendsAttachments="false" anonymous="optional"><con:settings/><con:call id="7324247b-53f5-43a0-a845-d185645d14e7" name="Request 1"><con:settings/><con:encoding>UTF-8</con:encoding><con:endpoint>https://sitenethomologa.serasa.com.br:443/experian-data-licensing-ws/dataLicensingService</con:endpoint><con:request><![CDATA[<soapenv:Envelope xmlns:soapenv="http://schemas.xmlsoap.org/soap/envelope/" xmlns:dat="http://services.experian.com.br/DataLicensing/DataLicensingService/">\r
   <soapenv:Header/>\r
   <soapenv:Body>\r
      <dat:ConsultarPFPJ>\r
         <parameters>\r
            <!--Optional:-->\r
            <cpfCnpj>?</cpfCnpj>\r
            <!--Optional:-->\r
            <nomeOuRazaoSocial>?</nomeOuRazaoSocial>\r
            <!--Optional:-->\r
            <dataAberturaOuNascimentoDe>?</dataAberturaOuNascimentoDe>\r
            <!--Optional:-->\r
            <dataAberturaOuNascimentoAte>?</dataAberturaOuNascimentoAte>\r
            <!--Optional:-->\r
            <idadeDe>?</idadeDe>\r
            <!--Optional:-->\r
            <idadeAte>?</idadeAte>\r
            <!--Optional:-->\r
            <ddd>?</ddd>\r
            <!--Optional:-->\r
            <telefone>?</telefone>\r
            <!--Optional:-->\r
            <endereco>?</endereco>\r
            <!--Optional:-->\r
            <numero>?</numero>\r
            <!--Optional:-->\r
            <complemento>?</complemento>\r
            <!--Optional:-->\r
            <cidade>?</cidade>\r
            <!--Optional:-->\r
            <uf>?</uf>\r
            <!--Optional:-->\r
            <cep>?</cep>\r
         </parameters>\r
      </dat:ConsultarPFPJ>\r
   </soapenv:Body>\r
</soapenv:Envelope>]]></con:request><con:credentials><con:authType>No Authorization</con:authType></con:credentials><con:jmsConfig JMSDeliveryMode="PERSISTENT"/><con:jmsPropertyConfig/><con:wsaConfig mustUnderstand="NONE" version="200508" action="http://services.experian.com.br/DataLicensing/DataLicensingService/ConsultarPFPJ"/><con:wsrmConfig version="1.2"/></con:call></con:operation><con:operation id="b7cfaed1-f3b6-4826-bcbe-e32720c556ae" isOneWay="false" action="http://services.experian.com.br/DataLicensing/DataLicensingService/ConsultarPJ" name="ConsultarPJ" bindingOperationName="ConsultarPJ" type="Request-Response" inputName="" receivesAttachments="false" sendsAttachments="false" anonymous="optional"><con:settings/><con:call id="e33d3bbb-3387-4a87-a273-9802892ad4b8" name="ConsultaBasicaPessoaJuridica"><con:settings><con:setting id="com.eviware.soapui.impl.wsdl.WsdlRequest@request-headers">&lt;xml-fragment/></con:setting></con:settings><con:encoding>UTF-8</con:encoding><con:endpoint>https://sitenethomologa.serasa.com.br:443/experian-data-licensing-ws/dataLicensingService</con:endpoint><con:request><![CDATA[<soapenv:Envelope xmlns:soapenv="http://schemas.xmlsoap.org/soap/envelope/" xmlns:dat="http://services.experian.com.br/DataLicensing/DataLicensingService/">\r
   <soapenv:Header>\r
      <wsse:Security soapenv:mustUnderstand="1" xmlns:wsse="http://docs.oasis-open.org/wss/2004/01/oasis-200401-wss-wssecurity-secext-1.0.xsd" xmlns:wsu="http://docs.oasis-open.org/wss/2004/01/oasis-200401-wss-wssecurity-utility-1.0.xsd">\r
         <wsse:UsernameToken wsu:Id="UsernameToken-2">\r
            <wsse:Username>LOGON</wsse:Username>\r
            <wsse:Password Type="http://docs.oasis-open.org/wss/2004/01/oasis-200401-wss-username-token-profile-1.0#PasswordText">SENHA</wsse:Password>\r
         </wsse:UsernameToken>\r
      </wsse:Security>\r
   </soapenv:Header>\r
   <soapenv:Body>\r
      <dat:ConsultarPF>\r
         <parameters>\r
            <cpf>07095872872</cpf>\r
            <RetornoPF>\r
               <cpf>true</cpf>\r
               <nome>true</nome>\r
               <situacaoCadastral>HISTORICO</situacaoCadastral>\r
            </RetornoPF>\r
         </parameters>\r
      </dat:ConsultarPF>\r
   </soapenv:Body>\r
</soapenv:Envelope>]]></con:request><con:credentials><con:authType>No Authorization</con:authType></con:credentials><con:jmsConfig JMSDeliveryMode="PERSISTENT"/><con:jmsPropertyConfig/><con:wsaConfig mustUnderstand="NONE" version="200508" action="http://services.experian.com.br/DataLicensing/DataLicensingService/ConsultarPJ"/><con:wsrmConfig version="1.2"/></con:call></con:operation><con:operation id="1502e5d2-60dc-4433-91ea-bc8b6ee14b06" isOneWay="false" action="http://services.experian.com.br/DataLicensing/DataLicensingService/RetornaStatusProconTelefone" name="RetornaStatusProconTelefone" bindingOperationName="RetornaStatusProconTelefone" type="Request-Response" inputName="" receivesAttachments="false" sendsAttachments="false" anonymous="optional"><con:settings/></con:operation></con:interface><con:properties/><con:wssContainer/><con:oAuth2ProfileContainer/><con:oAuth1ProfileContainer/></con:soapui-project>